-- phpMyAdmin SQL Dump
-- version 5.2.1
-- https://www.phpmyadmin.net/
--
-- Host: localhost:3306
-- Generation Time: Jun 25, 2024 at 08:13 AM
-- Server version: 8.0.30
-- PHP Version: 8.1.10

SET SQL_MODE = "NO_AUTO_VALUE_ON_ZERO";
START TRANSACTION;
SET time_zone = "+00:00";


/*!40101 SET @OLD_CHARACTER_SET_CLIENT=@@CHARACTER_SET_CLIENT */;
/*!40101 SET @OLD_CHARACTER_SET_RESULTS=@@CHARACTER_SET_RESULTS */;
/*!40101 SET @OLD_COLLATION_CONNECTION=@@COLLATION_CONNECTION */;
/*!40101 SET NAMES utf8mb4 */;

--
-- Database: `easrama`
--

-- --------------------------------------------------------

--
-- Table structure for table `agenda`
--

CREATE TABLE `agenda` (
  `agenda_id` int NOT NULL,
  `agenda_penulis` varchar(50) NOT NULL,
  `tanggal` date NOT NULL,
  `judul` varchar(255) NOT NULL,
  `agenda_slug` varchar(255) DEFAULT NULL,
  `tampil` int NOT NULL,
  `jumlah_lihat` int NOT NULL DEFAULT '0',
  `created_at` datetime NOT NULL,
  `updated_at` datetime NOT NULL
) ENGINE=InnoDB DEFAULT CHARSET=utf8mb4 COLLATE=utf8mb4_0900_ai_ci;

--
-- Dumping data for table `agenda`
--

INSERT INTO `agenda` (`agenda_id`, `agenda_penulis`, `tanggal`, `judul`, `agenda_slug`, `tampil`, `jumlah_lihat`, `created_at`, `updated_at`) VALUES
(2, '1', '2024-02-10', 'Pembukaan Pendaftaran Beasiswa Van Deventer-Maas Indonesia Tahun 2024', 'pembukaan-pendaftaran-beasiswa-van-deventer-maas-indonesia-tahun-2024', 1, 0, '2024-02-08 23:11:41', '2024-02-08 23:11:41');

-- --------------------------------------------------------

--
-- Table structure for table `berita`
--

CREATE TABLE `berita` (
  `berita_id` int NOT NULL,
  `berita_sampul` varchar(255) CHARACTER SET utf8mb4 COLLATE utf8mb4_0900_ai_ci DEFAULT NULL,
  `berita_judul` varchar(255) NOT NULL,
  `berita_slug` varchar(255) NOT NULL,
  `berita_isi` mediumtext NOT NULL,
  `berita_kategori` int NOT NULL,
  `berita_subkategori` int DEFAULT NULL,
  `berita_penulis` int NOT NULL,
  `berita_is_penting` tinyint NOT NULL DEFAULT '0',
  `berita_tampil` int NOT NULL DEFAULT '0',
  `berita_tayang` int NOT NULL DEFAULT '0',
  `berita_is_deleted` int NOT NULL DEFAULT '0',
  `created_at` datetime NOT NULL,
  `updated_at` datetime DEFAULT NULL,
  `deleted_at` datetime DEFAULT NULL
) ENGINE=InnoDB DEFAULT CHARSET=utf8mb4 COLLATE=utf8mb4_0900_ai_ci;

--
-- Dumping data for table `berita`
--

INSERT INTO `berita` (`berita_id`, `berita_sampul`, `berita_judul`, `berita_slug`, `berita_isi`, `berita_kategori`, `berita_subkategori`, `berita_penulis`, `berita_is_penting`, `berita_tampil`, `berita_tayang`, `berita_is_deleted`, `created_at`, `updated_at`, `deleted_at`) VALUES
(17, '', 'Jadwal Belajar Terbaru', 'jadwal-belajar-terbaru', '<p>Jadwal kuliah terbaru</p>\r\n', 2, NULL, 2, 0, 1, 2, 0, '2024-04-18 14:15:06', '2024-06-10 10:17:02', NULL),
(23, NULL, 'Judul Pengumuman baru', 'judul-pengumuman-baru', '<p>Ini isi Pengumuman</p>\r\n', 2, NULL, 1, 0, 1, 0, 0, '2024-05-19 17:08:43', '2024-05-19 17:08:43', NULL),
(24, '', 'Coba Pengumuman', 'coba-pengumuman', '<p>Ini isi pengumuman</p>\r\n', 2, NULL, 1, 0, 0, 0, 0, '2024-05-20 10:52:40', '2024-05-20 11:18:09', NULL);

-- --------------------------------------------------------

--
-- Table structure for table `download`
--

CREATE TABLE `download` (
  `download_id` int NOT NULL,
  `download_penulis` int NOT NULL,
  `download_judul` varchar(255) CHARACTER SET utf8mb4 COLLATE utf8mb4_0900_ai_ci NOT NULL,
  `download_slug` varchar(255) CHARACTER SET utf8mb4 COLLATE utf8mb4_0900_ai_ci DEFAULT NULL,
  `download_file` varchar(255) CHARACTER SET utf8mb4 COLLATE utf8mb4_0900_ai_ci NOT NULL,
  `download_tampil` varchar(1) CHARACTER SET utf8mb4 COLLATE utf8mb4_0900_ai_ci NOT NULL,
  `download_jumlah` int NOT NULL DEFAULT '0',
  `created_at` datetime NOT NULL,
  `updated_at` datetime NOT NULL
) ENGINE=InnoDB DEFAULT CHARSET=utf8mb4 COLLATE=utf8mb4_0900_ai_ci;

--
-- Dumping data for table `download`
--

INSERT INTO `download` (`download_id`, `download_penulis`, `download_judul`, `download_slug`, `download_file`, `download_tampil`, `download_jumlah`, `created_at`, `updated_at`) VALUES
(1, 1, 'Cobas', 'cobas', '1707581422_d31dc4969b1bd74a4771.pdf', '1', 3, '2024-02-10 23:10:22', '2024-02-11 11:52:08'),
(2, 1, 'Testing', 'testing', '1707583560_c30314b566c671f4ce07.pdf', '1', 0, '2024-02-10 23:27:31', '2024-02-10 23:46:00');

-- --------------------------------------------------------

--
-- Table structure for table `guru`
--

CREATE TABLE `guru` (
  `id` int NOT NULL,
  `nama` varchar(255) NOT NULL,
  `slug` varchar(255) DEFAULT NULL,
  `status` tinyint(1) NOT NULL,
  `created_at` datetime NOT NULL DEFAULT CURRENT_TIMESTAMP,
  `updated_at` datetime NOT NULL
) ENGINE=InnoDB DEFAULT CHARSET=utf8mb4 COLLATE=utf8mb4_0900_ai_ci;

-- --------------------------------------------------------

--
-- Table structure for table `halaman`
--

CREATE TABLE `halaman` (
  `halaman_id` int NOT NULL,
  `menu_id` int NOT NULL,
  `penulis` int NOT NULL,
  `halaman_nama` varchar(255) CHARACTER SET utf8mb4 COLLATE utf8mb4_0900_ai_ci NOT NULL,
  `halaman_slug` varchar(255) NOT NULL,
  `halaman_cover` varchar(255) DEFAULT NULL,
  `halaman_isi` text,
  `halaman_judul_isi` varchar(255) DEFAULT NULL,
  `halaman_is_active` int NOT NULL,
  `created_at` datetime NOT NULL DEFAULT CURRENT_TIMESTAMP,
  `updated_at` datetime DEFAULT CURRENT_TIMESTAMP
) ENGINE=InnoDB DEFAULT CHARSET=utf8mb4 COLLATE=utf8mb4_0900_ai_ci;

-- --------------------------------------------------------

--
-- Table structure for table `hari`
--

CREATE TABLE `hari` (
  `id` int NOT NULL,
  `nama` varchar(15) NOT NULL
) ENGINE=InnoDB DEFAULT CHARSET=utf8mb4 COLLATE=utf8mb4_0900_ai_ci;

--
-- Dumping data for table `hari`
--

INSERT INTO `hari` (`id`, `nama`) VALUES
(1, 'Senin'),
(2, 'Selasa'),
(3, 'Rabu'),
(4, 'Kamis'),
(5, 'Jumat'),
(6, 'Sabtu'),
(7, 'Minggu');

-- --------------------------------------------------------

--
-- Table structure for table `histori_kamar_siswa`
--

CREATE TABLE `histori_kamar_siswa` (
  `id` int NOT NULL,
  `id_siswa` int NOT NULL,
  `id_kamar` int DEFAULT NULL,
  `keterangan` varchar(50) NOT NULL,
  `created_at` datetime NOT NULL DEFAULT CURRENT_TIMESTAMP,
  `updated_at` datetime DEFAULT NULL
) ENGINE=InnoDB DEFAULT CHARSET=utf8mb4 COLLATE=utf8mb4_0900_ai_ci;

--
-- Dumping data for table `histori_kamar_siswa`
--

INSERT INTO `histori_kamar_siswa` (`id`, `id_siswa`, `id_kamar`, `keterangan`, `created_at`, `updated_at`) VALUES
(21, 17, 4, 'masuk', '2024-06-24 21:15:12', '2024-06-24 21:15:12');

-- --------------------------------------------------------

--
-- Table structure for table `histori_kelas_siswa`
--

CREATE TABLE `histori_kelas_siswa` (
  `id` int NOT NULL,
  `id_siswa` int NOT NULL,
  `id_kelas` int DEFAULT NULL,
  `keterangan` varchar(50) NOT NULL,
  `created_at` datetime DEFAULT CURRENT_TIMESTAMP,
  `updated_at` datetime NOT NULL
) ENGINE=InnoDB DEFAULT CHARSET=utf8mb4 COLLATE=utf8mb4_0900_ai_ci;

--
-- Dumping data for table `histori_kelas_siswa`
--

INSERT INTO `histori_kelas_siswa` (`id`, `id_siswa`, `id_kelas`, `keterangan`, `created_at`, `updated_at`) VALUES
(10, 17, 1, 'masuk', '2024-06-24 21:59:41', '2024-06-24 21:59:41');

-- --------------------------------------------------------

--
-- Table structure for table `jadwal_belajar`
--

CREATE TABLE `jadwal_belajar` (
  `id_jadwal_belajar` int NOT NULL,
  `id_mahasiswa` int NOT NULL,
  `hari` varchar(50) NOT NULL,
  `jam` varchar(50) NOT NULL,
  `matakuliah` varchar(100) NOT NULL
) ENGINE=InnoDB DEFAULT CHARSET=utf8mb4 COLLATE=utf8mb4_0900_ai_ci;

--
-- Dumping data for table `jadwal_belajar`
--

INSERT INTO `jadwal_belajar` (`id_jadwal_belajar`, `id_mahasiswa`, `hari`, `jam`, `matakuliah`) VALUES
(1, 1, 'Senin', '08.00 - 09.00', 'Matematika'),
(2, 1, 'Senin', '09.00 - 10.00', 'Bahasa Indonesia');

-- --------------------------------------------------------

--
-- Table structure for table `kamar`
--

CREATE TABLE `kamar` (
  `id` int NOT NULL,
  `nama` varchar(50) CHARACTER SET utf8mb4 COLLATE utf8mb4_0900_ai_ci NOT NULL,
  `slug` varchar(50) NOT NULL,
  `keterangan` text,
  `kapasitas` int NOT NULL,
  `status` tinyint(1) NOT NULL DEFAULT '1',
  `created_at` timestamp NOT NULL DEFAULT CURRENT_TIMESTAMP,
  `updated_at` timestamp NOT NULL
) ENGINE=InnoDB DEFAULT CHARSET=utf8mb4 COLLATE=utf8mb4_0900_ai_ci;

--
-- Dumping data for table `kamar`
--

INSERT INTO `kamar` (`id`, `nama`, `slug`, `keterangan`, `kapasitas`, `status`, `created_at`, `updated_at`) VALUES
(4, 'Kamar 01', 'kamar-01', 'kamar 02', 23, 1, '2024-06-08 05:16:58', '2024-06-11 08:51:32'),
(5, 'Kamar 02', 'kamar-02', 'kamar 02', 20, 1, '2024-06-09 15:27:44', '2024-06-09 15:27:44'),
(6, 'Kamar 03', 'kamar-03', 'kamar 03', 20, 1, '2024-06-09 15:28:18', '2024-06-09 15:28:18');

-- --------------------------------------------------------

--
-- Table structure for table `kategori`
--

CREATE TABLE `kategori` (
  `kategori_id` int NOT NULL,
  `kategori_nama` varchar(20) CHARACTER SET utf8mb4 COLLATE utf8mb4_0900_ai_ci NOT NULL,
  `kategori_slug` varchar(50) CHARACTER SET utf8mb4 COLLATE utf8mb4_0900_ai_ci DEFAULT NULL,
  `kategori_is_active` tinyint(1) NOT NULL,
  `created_at` datetime NOT NULL,
  `updated_at` datetime NOT NULL
) ENGINE=InnoDB DEFAULT CHARSET=utf8mb4 COLLATE=utf8mb4_0900_ai_ci;

--
-- Dumping data for table `kategori`
--

INSERT INTO `kategori` (`kategori_id`, `kategori_nama`, `kategori_slug`, `kategori_is_active`, `created_at`, `updated_at`) VALUES
(1, 'Umum', 'umum', 1, '2024-04-16 11:06:49', '2024-04-16 11:06:49'),
(2, 'Pengumuman', 'pengumuman', 1, '2024-04-17 11:19:50', '2024-04-17 11:19:50');

-- --------------------------------------------------------

--
-- Table structure for table `kelas`
--

CREATE TABLE `kelas` (
  `id` int NOT NULL,
  `nama` varchar(255) NOT NULL,
  `slug` varchar(255) DEFAULT NULL,
  `keterangan` text,
  `kapasitas` int NOT NULL,
  `status` tinyint(1) NOT NULL,
  `created_at` datetime NOT NULL DEFAULT CURRENT_TIMESTAMP,
  `updated_at` datetime NOT NULL
) ENGINE=InnoDB DEFAULT CHARSET=utf8mb4 COLLATE=utf8mb4_0900_ai_ci;

--
-- Dumping data for table `kelas`
--

INSERT INTO `kelas` (`id`, `nama`, `slug`, `keterangan`, `kapasitas`, `status`, `created_at`, `updated_at`) VALUES
(1, '1A', '1a', 'Kelas 1A', 22, 1, '2024-06-08 12:59:19', '2024-06-25 07:01:18'),
(3, '2A', '2a', 'kelas 2A', 20, 1, '2024-06-09 17:07:28', '2024-06-09 17:07:28'),
(4, '2B', '2b', 'kelas 2b', 20, 1, '2024-06-09 17:07:38', '2024-06-09 17:07:38');

-- --------------------------------------------------------

--
-- Table structure for table `kunjungan`
--

CREATE TABLE `kunjungan` (
  `kunjungan_id` int NOT NULL,
  `kunjungan_nama` datetime DEFAULT NULL,
  `created_at` datetime NOT NULL DEFAULT CURRENT_TIMESTAMP
) ENGINE=InnoDB DEFAULT CHARSET=utf8mb4 COLLATE=utf8mb4_0900_ai_ci;

--
-- Dumping data for table `kunjungan`
--

INSERT INTO `kunjungan` (`kunjungan_id`, `kunjungan_nama`, `created_at`) VALUES
(1, '2024-02-11 15:56:05', '2024-02-11 15:56:05'),
(2, '2024-02-11 15:56:19', '2024-02-11 15:56:19'),
(3, '2024-02-11 16:16:58', '2024-02-11 16:16:58'),
(4, '2024-02-11 17:48:56', '2024-02-11 17:48:56'),
(5, '2024-02-11 20:14:00', '2024-02-11 20:14:00'),
(6, '2024-02-11 20:55:33', '2024-02-11 20:55:33'),
(7, '2024-02-13 08:00:55', '2024-02-13 08:00:55'),
(8, '2024-02-13 08:15:48', '2024-02-13 08:15:48'),
(9, '2024-02-13 08:16:47', '2024-02-13 08:16:47'),
(10, '2024-02-13 08:18:46', '2024-02-13 08:18:46'),
(11, '2024-02-13 08:18:59', '2024-02-13 08:18:59'),
(12, '2024-02-13 08:19:18', '2024-02-13 08:19:18'),
(13, '2024-02-13 08:19:31', '2024-02-13 08:19:31'),
(14, '2024-02-13 08:26:52', '2024-02-13 08:26:52'),
(15, '2024-02-13 08:26:53', '2024-02-13 08:26:53'),
(16, '2024-02-13 08:41:21', '2024-02-13 08:41:21'),
(17, '2024-02-13 08:41:33', '2024-02-13 08:41:33'),
(18, '2024-02-13 08:41:54', '2024-02-13 08:41:54'),
(19, '2024-02-13 08:41:58', '2024-02-13 08:41:58'),
(20, '2024-02-13 08:42:04', '2024-02-13 08:42:04'),
(21, '2024-02-13 08:42:11', '2024-02-13 08:42:11'),
(22, '2024-02-13 08:42:19', '2024-02-13 08:42:19'),
(23, '2024-02-13 08:42:27', '2024-02-13 08:42:27'),
(24, '2024-02-13 10:11:18', '2024-02-13 10:11:18'),
(25, '2024-02-13 10:46:08', '2024-02-13 10:46:08'),
(26, '2024-02-13 10:57:19', '2024-02-13 10:57:19'),
(27, '2024-02-13 10:59:29', '2024-02-13 10:59:30'),
(28, '2024-02-13 10:59:42', '2024-02-13 10:59:42'),
(29, '2024-02-13 10:59:57', '2024-02-13 10:59:57'),
(30, '2024-02-13 11:01:45', '2024-02-13 11:01:45'),
(31, '2024-02-13 11:01:54', '2024-02-13 11:01:54'),
(32, '2024-02-13 11:02:57', '2024-02-13 11:02:57'),
(33, '2024-02-13 11:06:21', '2024-02-13 11:06:21'),
(34, '2024-02-13 11:06:37', '2024-02-13 11:06:37'),
(35, '2024-02-13 11:06:47', '2024-02-13 11:06:47'),
(36, '2024-02-13 11:07:10', '2024-02-13 11:07:10'),
(37, '2024-02-13 11:07:21', '2024-02-13 11:07:21'),
(38, '2024-02-13 11:11:40', '2024-02-13 11:11:40'),
(39, '2024-02-13 11:39:40', '2024-02-13 11:39:40'),
(40, '2024-02-13 11:40:00', '2024-02-13 11:40:00'),
(41, '2024-02-13 11:40:16', '2024-02-13 11:40:16'),
(42, '2024-02-13 11:40:20', '2024-02-13 11:40:20'),
(43, '2024-02-13 11:40:22', '2024-02-13 11:40:22'),
(44, '2024-02-13 11:40:25', '2024-02-13 11:40:25'),
(45, '2024-02-13 11:40:27', '2024-02-13 11:40:27'),
(46, '2024-02-13 11:40:29', '2024-02-13 11:40:29'),
(47, '2024-02-13 11:40:30', '2024-02-13 11:40:30'),
(48, '2024-02-13 11:40:35', '2024-02-13 11:40:35'),
(49, '2024-02-13 11:42:11', '2024-02-13 11:42:11'),
(50, '2024-02-13 13:54:05', '2024-02-13 13:54:05'),
(51, '2024-02-13 13:54:13', '2024-02-13 13:54:13'),
(52, '2024-02-13 13:56:19', '2024-02-13 13:56:19'),
(53, '2024-02-13 13:56:21', '2024-02-13 13:56:21'),
(54, '2024-02-13 13:56:22', '2024-02-13 13:56:22'),
(55, '2024-02-13 13:57:18', '2024-02-13 13:57:18'),
(56, '2024-02-13 14:01:06', '2024-02-13 14:01:06'),
(57, '2024-02-13 14:01:15', '2024-02-13 14:01:15'),
(58, '2024-02-13 14:01:26', '2024-02-13 14:01:26'),
(59, '2024-02-13 14:02:37', '2024-02-13 14:02:37'),
(60, '2024-02-13 14:02:42', '2024-02-13 14:02:42'),
(61, '2024-02-13 14:04:18', '2024-02-13 14:04:18'),
(62, '2024-02-13 14:08:44', '2024-02-13 14:08:44'),
(63, '2024-02-13 14:08:48', '2024-02-13 14:08:48'),
(64, '2024-02-13 14:09:38', '2024-02-13 14:09:38'),
(65, '2024-02-13 14:10:45', '2024-02-13 14:10:45'),
(66, '2024-02-13 14:10:48', '2024-02-13 14:10:48'),
(67, '2024-02-13 14:10:50', '2024-02-13 14:10:50'),
(68, '2024-02-13 14:10:55', '2024-02-13 14:10:55'),
(69, '2024-02-13 14:10:58', '2024-02-13 14:10:58'),
(70, '2024-02-13 14:11:03', '2024-02-13 14:11:03'),
(71, '2024-02-13 14:12:38', '2024-02-13 14:12:38'),
(72, '2024-02-13 14:56:35', '2024-02-13 14:56:35'),
(73, '2024-02-13 14:56:41', '2024-02-13 14:56:41'),
(74, '2024-02-13 14:58:22', '2024-02-13 14:58:22'),
(75, '2024-02-13 14:58:23', '2024-02-13 14:58:23'),
(76, '2024-02-13 14:58:25', '2024-02-13 14:58:25'),
(77, '2024-02-13 14:58:28', '2024-02-13 14:58:28'),
(78, '2024-02-13 15:01:39', '2024-02-13 15:01:39'),
(79, '2024-02-13 15:01:40', '2024-02-13 15:01:40'),
(80, '2024-02-13 15:01:41', '2024-02-13 15:01:41'),
(81, '2024-02-13 15:01:48', '2024-02-13 15:01:48'),
(82, '2024-02-13 15:01:50', '2024-02-13 15:01:50'),
(83, '2024-02-13 15:02:21', '2024-02-13 15:02:21'),
(84, '2024-02-13 15:03:46', '2024-02-13 15:03:46'),
(85, '2024-02-13 15:04:23', '2024-02-13 15:04:23'),
(86, '2024-02-13 15:04:24', '2024-02-13 15:04:24'),
(87, '2024-02-13 15:08:45', '2024-02-13 15:08:45'),
(88, '2024-02-13 15:10:13', '2024-02-13 15:10:13'),
(89, '2024-02-13 15:11:09', '2024-02-13 15:11:09'),
(90, '2024-02-13 15:15:42', '2024-02-13 15:15:42'),
(91, '2024-02-13 15:22:50', '2024-02-13 15:22:50'),
(92, '2024-02-13 15:23:15', '2024-02-13 15:23:15'),
(93, '2024-02-13 15:23:22', '2024-02-13 15:23:22'),
(94, '2024-02-13 15:23:32', '2024-02-13 15:23:32'),
(95, '2024-02-13 15:23:35', '2024-02-13 15:23:35'),
(96, '2024-02-13 15:23:59', '2024-02-13 15:23:59'),
(97, '2024-02-13 15:24:50', '2024-02-13 15:24:50'),
(98, '2024-02-13 15:25:07', '2024-02-13 15:25:07'),
(99, '2024-02-13 15:25:09', '2024-02-13 15:25:09'),
(100, '2024-02-13 15:25:53', '2024-02-13 15:25:53'),
(101, '2024-02-13 15:26:08', '2024-02-13 15:26:08'),
(102, '2024-02-13 15:29:22', '2024-02-13 15:29:22'),
(103, '2024-02-13 16:02:04', '2024-02-13 16:02:04'),
(104, '2024-02-13 16:02:07', '2024-02-13 16:02:07'),
(105, '2024-02-13 16:02:24', '2024-02-13 16:02:24'),
(106, '2024-02-13 16:02:57', '2024-02-13 16:02:57'),
(107, '2024-02-13 16:03:40', '2024-02-13 16:03:40'),
(108, '2024-02-13 16:04:25', '2024-02-13 16:04:25'),
(109, '2024-02-13 16:04:36', '2024-02-13 16:04:36'),
(110, '2024-02-13 16:04:48', '2024-02-13 16:04:48'),
(111, '2024-02-13 16:09:45', '2024-02-13 16:09:45'),
(112, '2024-02-13 16:13:20', '2024-02-13 16:13:20'),
(113, '2024-02-13 16:19:05', '2024-02-13 16:19:05'),
(114, '2024-02-13 16:21:32', '2024-02-13 16:21:32'),
(115, '2024-02-13 16:24:22', '2024-02-13 16:24:22'),
(116, '2024-02-13 16:30:16', '2024-02-13 16:30:16'),
(117, '2024-02-13 16:30:38', '2024-02-13 16:30:38'),
(118, '2024-02-13 16:32:57', '2024-02-13 16:32:57'),
(119, '2024-02-13 21:41:58', '2024-02-13 21:41:58'),
(120, '2024-02-13 21:49:44', '2024-02-13 21:49:44'),
(121, '2024-02-13 21:51:06', '2024-02-13 21:51:06'),
(122, '2024-02-13 21:51:33', '2024-02-13 21:51:33'),
(123, '2024-02-13 21:59:24', '2024-02-13 21:59:24'),
(124, '2024-02-13 22:15:41', '2024-02-13 22:15:41'),
(125, '2024-02-13 22:16:51', '2024-02-13 22:16:51'),
(126, '2024-02-13 22:20:20', '2024-02-13 22:20:20'),
(127, '2024-02-13 22:26:13', '2024-02-13 22:26:13'),
(128, '2024-02-13 22:27:33', '2024-02-13 22:27:33'),
(129, '2024-02-13 22:28:33', '2024-02-13 22:28:33'),
(130, '2024-02-13 22:30:02', '2024-02-13 22:30:02'),
(131, '2024-02-13 22:31:37', '2024-02-13 22:31:37'),
(132, '2024-02-13 22:36:03', '2024-02-13 22:36:03'),
(133, '2024-02-13 22:48:44', '2024-02-13 22:48:44'),
(134, '2024-02-13 22:48:51', '2024-02-13 22:48:51'),
(135, '2024-02-13 22:49:27', '2024-02-13 22:49:27'),
(136, '2024-02-13 22:50:34', '2024-02-13 22:50:34'),
(137, '2024-02-13 22:51:05', '2024-02-13 22:51:05'),
(138, '2024-02-13 22:53:00', '2024-02-13 22:53:00'),
(139, '2024-02-13 22:53:13', '2024-02-13 22:53:13'),
(140, '2024-02-13 22:53:36', '2024-02-13 22:53:36'),
(141, '2024-02-13 22:53:45', '2024-02-13 22:53:45'),
(142, '2024-02-13 22:53:54', '2024-02-13 22:53:54'),
(143, '2024-02-13 22:54:02', '2024-02-13 22:54:02'),
(144, '2024-02-13 22:55:53', '2024-02-13 22:55:53'),
(145, '2024-02-13 22:56:10', '2024-02-13 22:56:10'),
(146, '2024-02-13 23:01:11', '2024-02-13 23:01:11'),
(147, '2024-02-13 23:01:57', '2024-02-13 23:01:57'),
(148, '2024-02-13 23:08:10', '2024-02-13 23:08:10'),
(149, '2024-02-13 23:08:25', '2024-02-13 23:08:25'),
(150, '2024-02-13 23:08:53', '2024-02-13 23:08:53'),
(151, '2024-02-13 23:09:02', '2024-02-13 23:09:02'),
(152, '2024-02-13 23:09:42', '2024-02-13 23:09:42'),
(153, '2024-02-13 23:10:30', '2024-02-13 23:10:30'),
(154, '2024-02-13 23:10:37', '2024-02-13 23:10:37'),
(155, '2024-02-13 23:17:00', '2024-02-13 23:17:00'),
(156, '2024-02-17 07:25:19', '2024-02-17 07:25:19'),
(157, '2024-04-03 14:29:16', '2024-04-03 14:29:16'),
(158, '2024-04-03 14:46:18', '2024-04-03 14:46:18'),
(159, '2024-04-03 14:47:16', '2024-04-03 14:47:16'),
(160, '2024-04-03 14:48:54', '2024-04-03 14:48:54'),
(161, '2024-04-03 14:53:49', '2024-04-03 14:53:49'),
(162, '2024-04-03 14:54:07', '2024-04-03 14:54:07'),
(163, '2024-04-03 14:56:50', '2024-04-03 14:56:50'),
(164, '2024-04-16 15:58:17', '2024-04-16 15:58:17'),
(165, '2024-04-16 16:25:06', '2024-04-16 16:25:06'),
(166, '2024-04-16 16:44:52', '2024-04-16 16:44:52'),
(167, '2024-04-16 16:47:02', '2024-04-16 16:47:02'),
(168, '2024-04-16 16:58:26', '2024-04-16 16:58:26'),
(169, '2024-04-16 17:01:05', '2024-04-16 17:01:05'),
(170, '2024-04-16 17:01:12', '2024-04-16 17:01:12'),
(171, '2024-04-16 17:02:39', '2024-04-16 17:02:39'),
(172, '2024-04-16 17:03:05', '2024-04-16 17:03:05'),
(173, '2024-04-16 17:05:18', '2024-04-16 17:05:18'),
(174, '2024-04-16 17:09:26', '2024-04-16 17:09:26'),
(175, '2024-04-16 17:09:35', '2024-04-16 17:09:35'),
(176, '2024-04-16 17:09:40', '2024-04-16 17:09:41'),
(177, '2024-04-16 17:09:49', '2024-04-16 17:09:49'),
(178, '2024-04-16 17:09:57', '2024-04-16 17:09:57'),
(179, '2024-04-16 17:10:02', '2024-04-16 17:10:02'),
(180, '2024-04-16 17:10:18', '2024-04-16 17:10:18'),
(181, '2024-04-16 17:10:26', '2024-04-16 17:10:26'),
(182, '2024-04-16 17:10:31', '2024-04-16 17:10:31'),
(183, '2024-04-16 17:10:36', '2024-04-16 17:10:36'),
(184, '2024-04-16 17:12:06', '2024-04-16 17:12:06'),
(185, '2024-04-16 17:13:19', '2024-04-16 17:13:19'),
(186, '2024-04-16 17:13:34', '2024-04-16 17:13:34'),
(187, '2024-04-16 17:14:43', '2024-04-16 17:14:43'),
(188, '2024-04-16 17:19:09', '2024-04-16 17:19:09'),
(189, '2024-04-16 17:19:58', '2024-04-16 17:19:58'),
(190, '2024-04-16 17:20:19', '2024-04-16 17:20:19'),
(191, '2024-04-16 17:26:16', '2024-04-16 17:26:16'),
(192, '2024-04-16 22:16:47', '2024-04-16 22:16:47'),
(193, '2024-04-16 22:16:52', '2024-04-16 22:16:52'),
(194, '2024-04-16 23:34:48', '2024-04-16 23:34:48'),
(195, '2024-04-16 23:37:31', '2024-04-16 23:37:31'),
(196, '2024-04-16 23:37:45', '2024-04-16 23:37:45'),
(197, '2024-04-16 23:37:47', '2024-04-16 23:37:47'),
(198, '2024-04-16 23:37:55', '2024-04-16 23:37:55'),
(199, '2024-04-16 23:38:38', '2024-04-16 23:38:38'),
(200, '2024-04-16 23:39:32', '2024-04-16 23:39:32'),
(201, '2024-04-16 23:39:50', '2024-04-16 23:39:50'),
(202, '2024-04-16 23:40:03', '2024-04-16 23:40:03'),
(203, '2024-04-16 23:40:24', '2024-04-16 23:40:24'),
(204, '2024-04-16 23:40:51', '2024-04-16 23:40:51'),
(205, '2024-04-16 23:41:04', '2024-04-16 23:41:04'),
(206, '2024-04-16 23:41:08', '2024-04-16 23:41:08'),
(207, '2024-04-16 23:41:49', '2024-04-16 23:41:49'),
(208, '2024-04-16 23:43:15', '2024-04-16 23:43:15'),
(209, '2024-04-16 23:43:22', '2024-04-16 23:43:22'),
(210, '2024-04-16 23:43:57', '2024-04-16 23:43:57'),
(211, '2024-04-16 23:44:16', '2024-04-16 23:44:16'),
(212, '2024-04-16 23:44:32', '2024-04-16 23:44:32'),
(213, '2024-04-16 23:45:35', '2024-04-16 23:45:35'),
(214, '2024-04-17 08:58:22', '2024-04-17 08:58:22'),
(215, '2024-04-17 11:02:58', '2024-04-17 11:02:58'),
(216, '2024-04-17 11:03:19', '2024-04-17 11:03:19'),
(217, '2024-04-17 11:03:48', '2024-04-17 11:03:48'),
(218, '2024-04-17 11:04:20', '2024-04-17 11:04:20'),
(219, '2024-04-17 11:04:24', '2024-04-17 11:04:24'),
(220, '2024-04-17 11:05:44', '2024-04-17 11:05:45'),
(221, '2024-04-17 11:09:02', '2024-04-17 11:09:02'),
(222, '2024-04-17 11:11:46', '2024-04-17 11:11:46'),
(223, '2024-04-17 11:17:37', '2024-04-17 11:17:37'),
(224, '2024-04-17 14:55:02', '2024-04-17 14:55:02'),
(225, '2024-04-17 14:59:33', '2024-04-17 14:59:33'),
(226, '2024-04-17 15:30:14', '2024-04-17 15:30:14'),
(227, '2024-04-17 15:30:40', '2024-04-17 15:30:40'),
(228, '2024-04-18 14:07:49', '2024-04-18 14:07:49'),
(229, '2024-04-18 14:21:55', '2024-04-18 14:21:55'),
(230, '2024-04-18 14:22:16', '2024-04-18 14:22:16'),
(231, '2024-04-18 14:22:54', '2024-04-18 14:22:54'),
(232, '2024-04-18 14:23:56', '2024-04-18 14:23:56'),
(233, '2024-04-18 14:24:26', '2024-04-18 14:24:26'),
(234, '2024-04-18 14:24:41', '2024-04-18 14:24:41'),
(235, '2024-04-18 14:25:04', '2024-04-18 14:25:04'),
(236, '2024-04-18 14:33:45', '2024-04-18 14:33:45'),
(237, '2024-04-18 14:33:54', '2024-04-18 14:33:54'),
(238, '2024-04-18 14:34:24', '2024-04-18 14:34:24'),
(239, '2024-04-18 14:37:38', '2024-04-18 14:37:38'),
(240, '2024-04-18 14:37:42', '2024-04-18 14:37:42'),
(241, '2024-04-18 14:37:52', '2024-04-18 14:37:52'),
(242, '2024-04-18 14:38:11', '2024-04-18 14:38:11'),
(243, '2024-04-18 14:38:17', '2024-04-18 14:38:17'),
(244, '2024-04-18 14:39:04', '2024-04-18 14:39:04'),
(245, '2024-04-18 14:39:16', '2024-04-18 14:39:16'),
(246, '2024-04-18 14:39:23', '2024-04-18 14:39:23'),
(247, '2024-04-18 14:41:00', '2024-04-18 14:41:00'),
(248, '2024-04-18 14:41:10', '2024-04-18 14:41:10'),
(249, '2024-04-18 14:41:24', '2024-04-18 14:41:24'),
(250, '2024-04-18 14:41:54', '2024-04-18 14:41:54'),
(251, '2024-04-18 14:41:59', '2024-04-18 14:41:59'),
(252, '2024-04-18 14:42:10', '2024-04-18 14:42:10'),
(253, '2024-04-18 14:43:08', '2024-04-18 14:43:08'),
(254, '2024-04-18 14:44:03', '2024-04-18 14:44:03'),
(255, '2024-04-18 14:44:08', '2024-04-18 14:44:08'),
(256, '2024-04-18 14:52:49', '2024-04-18 14:52:49'),
(257, '2024-04-18 14:53:01', '2024-04-18 14:53:01'),
(258, '2024-04-18 14:53:16', '2024-04-18 14:53:16'),
(259, '2024-04-18 14:57:59', '2024-04-18 14:57:59'),
(260, '2024-04-18 14:58:08', '2024-04-18 14:58:08'),
(261, '2024-04-18 14:58:17', '2024-04-18 14:58:17'),
(262, '2024-04-18 14:58:23', '2024-04-18 14:58:23'),
(263, '2024-04-18 14:58:45', '2024-04-18 14:58:45'),
(264, '2024-04-18 15:01:51', '2024-04-18 15:01:51'),
(265, '2024-04-18 15:03:05', '2024-04-18 15:03:05'),
(266, '2024-04-18 15:04:32', '2024-04-18 15:04:32'),
(267, '2024-04-18 15:05:41', '2024-04-18 15:05:41'),
(268, '2024-04-18 15:15:57', '2024-04-18 15:15:57'),
(269, '2024-04-18 15:16:03', '2024-04-18 15:16:03'),
(270, '2024-04-18 15:20:36', '2024-04-18 15:20:36'),
(271, '2024-04-18 15:21:00', '2024-04-18 15:21:00'),
(272, '2024-04-18 15:21:54', '2024-04-18 15:21:54'),
(273, '2024-04-18 15:34:15', '2024-04-18 15:34:15'),
(274, '2024-04-18 15:36:43', '2024-04-18 15:36:43'),
(275, '2024-04-18 15:38:00', '2024-04-18 15:38:01'),
(276, '2024-04-18 15:38:07', '2024-04-18 15:38:07'),
(277, '2024-04-18 15:38:11', '2024-04-18 15:38:11'),
(278, '2024-04-18 15:38:15', '2024-04-18 15:38:15'),
(279, '2024-04-18 15:39:17', '2024-04-18 15:39:17'),
(280, '2024-04-18 15:40:26', '2024-04-18 15:40:26'),
(281, '2024-04-18 15:40:49', '2024-04-18 15:40:49'),
(282, '2024-04-18 15:41:28', '2024-04-18 15:41:28'),
(283, '2024-04-18 15:41:32', '2024-04-18 15:41:32'),
(284, '2024-04-18 15:45:56', '2024-04-18 15:45:57'),
(285, '2024-04-18 15:46:52', '2024-04-18 15:46:52'),
(286, '2024-04-18 20:40:06', '2024-04-18 20:40:06'),
(287, '2024-04-18 21:22:28', '2024-04-18 21:22:28'),
(288, '2024-04-20 18:02:11', '2024-04-20 18:02:11'),
(289, '2024-04-20 20:17:57', '2024-04-20 20:17:57'),
(290, '2024-04-20 23:22:50', '2024-04-20 23:22:50'),
(291, '2024-04-20 23:27:58', '2024-04-20 23:27:58'),
(292, '2024-04-20 23:28:29', '2024-04-20 23:28:29'),
(293, '2024-04-20 23:28:57', '2024-04-20 23:28:57'),
(294, '2024-04-20 23:29:46', '2024-04-20 23:29:46'),
(295, '2024-04-20 23:30:14', '2024-04-20 23:30:14'),
(296, '2024-04-20 23:32:28', '2024-04-20 23:32:28'),
(297, '2024-04-20 23:32:55', '2024-04-20 23:32:55'),
(298, '2024-04-20 23:43:47', '2024-04-20 23:43:47'),
(299, '2024-04-20 23:46:56', '2024-04-20 23:46:56'),
(300, '2024-04-20 23:48:12', '2024-04-20 23:48:12'),
(301, '2024-04-20 23:49:21', '2024-04-20 23:49:21'),
(302, '2024-04-20 23:49:43', '2024-04-20 23:49:43'),
(303, '2024-04-20 23:50:46', '2024-04-20 23:50:46'),
(304, '2024-04-21 15:45:34', '2024-04-21 15:45:37'),
(305, '2024-04-21 17:16:32', '2024-04-21 17:16:32'),
(306, '2024-04-21 18:03:54', '2024-04-21 18:03:54'),
(307, '2024-04-21 18:04:13', '2024-04-21 18:04:13'),
(308, '2024-05-17 09:27:52', '2024-05-17 09:27:52'),
(309, '2024-05-17 09:51:43', '2024-05-17 09:51:43'),
(310, '2024-05-17 09:52:57', '2024-05-17 09:52:57'),
(311, '2024-05-17 09:54:55', '2024-05-17 09:54:55'),
(312, '2024-05-17 09:55:17', '2024-05-17 09:55:17'),
(313, '2024-05-17 10:02:00', '2024-05-17 10:02:00'),
(314, '2024-05-17 10:02:52', '2024-05-17 10:02:52'),
(315, '2024-05-17 10:03:05', '2024-05-17 10:03:05'),
(316, '2024-05-17 10:04:20', '2024-05-17 10:04:20'),
(317, '2024-05-17 10:04:43', '2024-05-17 10:04:43'),
(318, '2024-05-17 10:05:02', '2024-05-17 10:05:02'),
(319, '2024-05-17 10:05:27', '2024-05-17 10:05:27'),
(320, '2024-05-17 10:08:00', '2024-05-17 10:08:00'),
(321, '2024-05-17 10:08:20', '2024-05-17 10:08:20'),
(322, '2024-05-17 10:09:01', '2024-05-17 10:09:01'),
(323, '2024-05-17 10:16:00', '2024-05-17 10:16:00'),
(324, '2024-05-17 10:24:00', '2024-05-17 10:24:00'),
(325, '2024-05-17 10:30:30', '2024-05-17 10:30:30'),
(326, '2024-05-17 10:33:05', '2024-05-17 10:33:05'),
(327, '2024-05-17 10:33:09', '2024-05-17 10:33:09'),
(328, '2024-05-17 10:33:26', '2024-05-17 10:33:26'),
(329, '2024-05-17 10:34:14', '2024-05-17 10:34:14'),
(330, '2024-05-17 10:34:30', '2024-05-17 10:34:30'),
(331, '2024-05-17 10:34:40', '2024-05-17 10:34:40'),
(332, '2024-05-17 10:34:49', '2024-05-17 10:34:49'),
(333, '2024-05-17 10:35:08', '2024-05-17 10:35:08'),
(334, '2024-05-17 13:15:22', '2024-05-17 13:15:22'),
(335, '2024-05-17 13:30:41', '2024-05-17 13:30:41'),
(336, '2024-05-17 13:31:36', '2024-05-17 13:31:36'),
(337, '2024-05-17 13:32:11', '2024-05-17 13:32:11'),
(338, '2024-05-17 13:53:31', '2024-05-17 13:53:31'),
(339, '2024-05-17 13:53:51', '2024-05-17 13:53:51'),
(340, '2024-05-17 13:54:21', '2024-05-17 13:54:21'),
(341, '2024-05-17 14:06:21', '2024-05-17 14:06:21'),
(342, '2024-05-17 14:07:13', '2024-05-17 14:07:14'),
(343, '2024-05-17 14:26:48', '2024-05-17 14:26:48'),
(344, '2024-05-17 14:26:52', '2024-05-17 14:26:52'),
(345, '2024-05-17 14:27:48', '2024-05-17 14:27:48'),
(346, '2024-05-17 14:27:52', '2024-05-17 14:27:52'),
(347, '2024-05-17 14:28:22', '2024-05-17 14:28:22'),
(348, '2024-05-17 14:28:49', '2024-05-17 14:28:49'),
(349, '2024-05-17 14:29:00', '2024-05-17 14:29:00'),
(350, '2024-05-17 14:29:24', '2024-05-17 14:29:24'),
(351, '2024-05-17 14:29:42', '2024-05-17 14:29:42'),
(352, '2024-05-17 14:56:00', '2024-05-17 14:56:00'),
(353, '2024-05-17 14:56:10', '2024-05-17 14:56:10'),
(354, '2024-05-17 15:14:36', '2024-05-17 15:14:36'),
(355, '2024-05-17 15:14:40', '2024-05-17 15:14:40'),
(356, '2024-05-17 15:15:19', '2024-05-17 15:15:19'),
(357, '2024-05-17 15:16:19', '2024-05-17 15:16:19'),
(358, '2024-05-17 15:16:37', '2024-05-17 15:16:37'),
(359, '2024-05-17 15:17:54', '2024-05-17 15:17:54'),
(360, '2024-05-17 15:18:16', '2024-05-17 15:18:16'),
(361, '2024-05-17 15:19:01', '2024-05-17 15:19:01'),
(362, '2024-05-17 15:19:31', '2024-05-17 15:19:31'),
(363, '2024-05-17 16:00:48', '2024-05-17 16:00:48'),
(364, '2024-05-17 16:01:03', '2024-05-17 16:01:03'),
(365, '2024-05-17 16:20:17', '2024-05-17 16:20:17'),
(366, '2024-05-18 06:50:30', '2024-05-18 06:50:30'),
(367, '2024-05-18 06:53:39', '2024-05-18 06:53:39'),
(368, '2024-05-18 16:59:03', '2024-05-18 16:59:03'),
(369, '2024-05-18 16:59:56', '2024-05-18 16:59:56'),
(370, '2024-05-18 17:05:52', '2024-05-18 17:05:52'),
(371, '2024-05-18 17:05:58', '2024-05-18 17:05:58'),
(372, '2024-05-18 17:48:03', '2024-05-18 17:48:03'),
(373, '2024-05-18 17:48:08', '2024-05-18 17:48:08'),
(374, '2024-05-18 17:49:21', '2024-05-18 17:49:21'),
(375, '2024-05-18 18:50:26', '2024-05-18 18:50:27'),
(376, '2024-05-18 18:50:39', '2024-05-18 18:50:39'),
(377, '2024-05-18 18:52:49', '2024-05-18 18:52:49'),
(378, '2024-05-19 10:00:03', '2024-05-19 10:00:03'),
(379, '2024-05-19 11:32:06', '2024-05-19 11:32:06'),
(380, '2024-05-19 11:53:21', '2024-05-19 11:53:21'),
(381, '2024-05-19 11:54:19', '2024-05-19 11:54:19'),
(382, '2024-05-19 11:54:57', '2024-05-19 11:54:57'),
(383, '2024-05-19 11:55:30', '2024-05-19 11:55:30'),
(384, '2024-05-19 11:55:54', '2024-05-19 11:55:54'),
(385, '2024-05-19 11:56:23', '2024-05-19 11:56:24'),
(386, '2024-05-19 11:56:40', '2024-05-19 11:56:40'),
(387, '2024-05-19 11:56:43', '2024-05-19 11:56:43'),
(388, '2024-05-19 11:58:07', '2024-05-19 11:58:07'),
(389, '2024-05-19 14:07:09', '2024-05-19 14:07:09'),
(390, '2024-05-19 14:07:29', '2024-05-19 14:07:29'),
(391, '2024-05-19 14:08:13', '2024-05-19 14:08:13'),
(392, '2024-05-19 14:08:27', '2024-05-19 14:08:27'),
(393, '2024-05-19 14:15:55', '2024-05-19 14:15:55'),
(394, '2024-05-19 17:03:29', '2024-05-19 17:03:29'),
(395, '2024-05-19 17:06:13', '2024-05-19 17:06:13'),
(396, '2024-05-19 17:06:37', '2024-05-19 17:06:37'),
(397, '2024-05-19 17:08:46', '2024-05-19 17:08:46'),
(398, '2024-05-19 17:17:18', '2024-05-19 17:17:18'),
(399, '2024-05-19 17:19:08', '2024-05-19 17:19:08'),
(400, '2024-05-19 17:19:16', '2024-05-19 17:19:16'),
(401, '2024-05-19 17:28:07', '2024-05-19 17:28:07'),
(402, '2024-05-19 17:29:42', '2024-05-19 17:29:42'),
(403, '2024-05-19 17:48:16', '2024-05-19 17:48:16'),
(404, '2024-05-19 17:50:00', '2024-05-19 17:50:00'),
(405, '2024-05-19 17:56:46', '2024-05-19 17:56:46'),
(406, '2024-05-19 18:00:32', '2024-05-19 18:00:32'),
(407, '2024-05-19 18:00:53', '2024-05-19 18:00:53'),
(408, '2024-05-19 18:01:38', '2024-05-19 18:01:38'),
(409, '2024-05-19 18:02:07', '2024-05-19 18:02:07'),
(410, '2024-05-19 18:02:19', '2024-05-19 18:02:19'),
(411, '2024-05-19 18:08:43', '2024-05-19 18:08:43'),
(412, '2024-05-20 10:51:18', '2024-05-20 10:51:18'),
(413, '2024-05-20 11:22:35', '2024-05-20 11:22:35'),
(414, '2024-05-20 11:22:45', '2024-05-20 11:22:45'),
(415, '2024-05-20 18:05:35', '2024-05-20 18:05:35'),
(416, '2024-05-28 23:07:06', '2024-05-28 23:07:06'),
(417, '2024-05-28 23:08:03', '2024-05-28 23:08:03'),
(418, '2024-05-30 18:20:41', '2024-05-30 18:20:41'),
(419, '2024-05-30 18:21:45', '2024-05-30 18:21:45'),
(420, '2024-05-30 18:21:57', '2024-05-30 18:21:57'),
(421, '2024-05-30 18:22:11', '2024-05-30 18:22:11'),
(422, '2024-05-30 18:22:34', '2024-05-30 18:22:34'),
(423, '2024-05-30 18:36:56', '2024-05-30 18:36:56'),
(424, '2024-05-30 22:37:36', '2024-05-30 22:37:36'),
(425, '2024-05-30 22:52:00', '2024-05-30 22:52:00'),
(426, '2024-05-30 23:13:19', '2024-05-30 23:13:19'),
(427, '2024-05-30 23:13:50', '2024-05-30 23:13:50'),
(428, '2024-05-30 23:13:53', '2024-05-30 23:13:53'),
(429, '2024-05-31 06:42:49', '2024-05-31 06:42:49'),
(430, '2024-05-31 06:43:45', '2024-05-31 06:43:45'),
(431, '2024-05-31 07:01:38', '2024-05-31 07:01:38'),
(432, '2024-05-31 08:28:24', '2024-05-31 08:28:24'),
(433, '2024-06-02 09:54:31', '2024-06-02 09:54:31'),
(434, '2024-06-02 14:46:07', '2024-06-02 14:46:07'),
(435, '2024-06-02 15:27:59', '2024-06-02 15:27:59'),
(436, '2024-06-02 18:06:20', '2024-06-02 18:06:20'),
(437, '2024-06-03 00:56:32', '2024-06-03 00:56:32'),
(438, '2024-06-08 11:51:43', '2024-06-08 11:51:43'),
(439, '2024-06-08 22:02:07', '2024-06-08 22:02:07'),
(440, '2024-06-09 12:21:02', '2024-06-09 12:21:02'),
(441, '2024-06-09 15:43:52', '2024-06-09 15:43:52'),
(442, '2024-06-09 17:29:54', '2024-06-09 17:29:54'),
(443, '2024-06-09 17:29:58', '2024-06-09 17:29:58'),
(444, '2024-06-09 17:30:02', '2024-06-09 17:30:02'),
(445, '2024-06-09 17:33:27', '2024-06-09 17:33:27'),
(446, '2024-06-09 17:33:30', '2024-06-09 17:33:30'),
(447, '2024-06-09 17:33:42', '2024-06-09 17:33:42'),
(448, '2024-06-09 17:33:51', '2024-06-09 17:33:51'),
(449, '2024-06-09 17:34:36', '2024-06-09 17:34:36'),
(450, '2024-06-09 17:34:41', '2024-06-09 17:34:41'),
(451, '2024-06-09 17:35:26', '2024-06-09 17:35:26'),
(452, '2024-06-09 17:36:58', '2024-06-09 17:36:58'),
(453, '2024-06-09 17:37:51', '2024-06-09 17:37:51'),
(454, '2024-06-09 17:38:01', '2024-06-09 17:38:02'),
(455, '2024-06-09 17:38:10', '2024-06-09 17:38:10'),
(456, '2024-06-09 19:03:37', '2024-06-09 19:03:37'),
(457, '2024-06-09 19:05:48', '2024-06-09 19:05:48'),
(458, '2024-06-09 19:05:57', '2024-06-09 19:05:57'),
(459, '2024-06-09 19:06:41', '2024-06-09 19:06:41'),
(460, '2024-06-09 19:08:09', '2024-06-09 19:08:09'),
(461, '2024-06-09 19:08:17', '2024-06-09 19:08:17'),
(462, '2024-06-09 19:09:40', '2024-06-09 19:09:40'),
(463, '2024-06-09 20:15:29', '2024-06-09 20:15:29'),
(464, '2024-06-09 20:15:48', '2024-06-09 20:15:49'),
(465, '2024-06-09 20:16:03', '2024-06-09 20:16:03'),
(466, '2024-06-09 20:20:15', '2024-06-09 20:20:15'),
(467, '2024-06-09 20:20:43', '2024-06-09 20:20:43'),
(468, '2024-06-09 20:23:24', '2024-06-09 20:23:24'),
(469, '2024-06-09 20:23:46', '2024-06-09 20:23:46'),
(470, '2024-06-09 20:25:25', '2024-06-09 20:25:25'),
(471, '2024-06-09 20:26:47', '2024-06-09 20:26:47'),
(472, '2024-06-09 20:47:36', '2024-06-09 20:47:36'),
(473, '2024-06-09 20:48:31', '2024-06-09 20:48:31'),
(474, '2024-06-09 20:48:40', '2024-06-09 20:48:40'),
(475, '2024-06-09 20:48:56', '2024-06-09 20:48:56'),
(476, '2024-06-09 20:49:39', '2024-06-09 20:49:39'),
(477, '2024-06-09 20:49:55', '2024-06-09 20:49:55'),
(478, '2024-06-09 20:51:17', '2024-06-09 20:51:17'),
(479, '2024-06-09 20:51:27', '2024-06-09 20:51:27'),
(480, '2024-06-09 20:52:01', '2024-06-09 20:52:01'),
(481, '2024-06-09 20:53:49', '2024-06-09 20:53:49'),
(482, '2024-06-09 20:54:32', '2024-06-09 20:54:32'),
(483, '2024-06-09 20:55:15', '2024-06-09 20:55:15'),
(484, '2024-06-09 20:59:04', '2024-06-09 20:59:05'),
(485, '2024-06-09 21:06:01', '2024-06-09 21:06:01'),
(486, '2024-06-09 21:06:16', '2024-06-09 21:06:16'),
(487, '2024-06-09 21:08:54', '2024-06-09 21:08:54'),
(488, '2024-06-09 21:09:29', '2024-06-09 21:09:29'),
(489, '2024-06-09 21:09:42', '2024-06-09 21:09:42'),
(490, '2024-06-09 21:09:48', '2024-06-09 21:09:48'),
(491, '2024-06-09 21:11:32', '2024-06-09 21:11:32'),
(492, '2024-06-09 21:16:57', '2024-06-09 21:16:57'),
(493, '2024-06-09 21:37:35', '2024-06-09 21:37:35'),
(494, '2024-06-09 21:39:02', '2024-06-09 21:39:02'),
(495, '2024-06-09 21:40:13', '2024-06-09 21:40:13'),
(496, '2024-06-09 21:40:25', '2024-06-09 21:40:25'),
(497, '2024-06-09 21:43:11', '2024-06-09 21:43:11'),
(498, '2024-06-09 21:43:39', '2024-06-09 21:43:39'),
(499, '2024-06-09 21:44:22', '2024-06-09 21:44:22'),
(500, '2024-06-09 21:44:35', '2024-06-09 21:44:35'),
(501, '2024-06-10 01:08:47', '2024-06-10 01:08:47'),
(502, '2024-06-10 01:10:10', '2024-06-10 01:10:10'),
(503, '2024-06-10 02:32:43', '2024-06-10 02:32:43'),
(504, '2024-06-10 02:32:45', '2024-06-10 02:32:45'),
(505, '2024-06-10 02:32:49', '2024-06-10 02:32:49'),
(506, '2024-06-10 02:32:54', '2024-06-10 02:32:54'),
(507, '2024-06-10 02:33:39', '2024-06-10 02:33:39'),
(508, '2024-06-10 02:33:59', '2024-06-10 02:33:59'),
(509, '2024-06-10 02:35:10', '2024-06-10 02:35:10'),
(510, '2024-06-10 02:35:11', '2024-06-10 02:35:11'),
(511, '2024-06-10 02:35:16', '2024-06-10 02:35:16'),
(512, '2024-06-10 02:35:39', '2024-06-10 02:35:39'),
(513, '2024-06-10 02:35:44', '2024-06-10 02:35:44'),
(514, '2024-06-10 02:35:59', '2024-06-10 02:35:59'),
(515, '2024-06-10 02:37:34', '2024-06-10 02:37:34'),
(516, '2024-06-10 08:15:58', '2024-06-10 08:15:58'),
(517, '2024-06-10 10:11:23', '2024-06-10 10:11:23'),
(518, '2024-06-10 10:17:11', '2024-06-10 10:17:11'),
(519, '2024-06-10 10:18:06', '2024-06-10 10:18:06'),
(520, '2024-06-10 14:57:38', '2024-06-10 14:57:38'),
(521, '2024-06-10 18:47:01', '2024-06-10 18:47:01'),
(522, '2024-06-10 19:05:12', '2024-06-10 19:05:12'),
(523, '2024-06-11 08:14:04', '2024-06-11 08:14:04'),
(524, '2024-06-11 12:00:02', '2024-06-11 12:00:02'),
(525, '2024-06-11 12:01:11', '2024-06-11 12:01:11'),
(526, '2024-06-11 12:02:03', '2024-06-11 12:02:03'),
(527, '2024-06-11 14:47:25', '2024-06-11 14:47:25'),
(528, '2024-06-11 20:39:18', '2024-06-11 20:39:18'),
(529, '2024-06-11 20:41:02', '2024-06-11 20:41:02'),
(530, '2024-06-11 22:05:26', '2024-06-11 22:05:26'),
(531, '2024-06-11 22:06:32', '2024-06-11 22:06:32'),
(532, '2024-06-11 22:06:40', '2024-06-11 22:06:40'),
(533, '2024-06-11 22:06:57', '2024-06-11 22:06:57'),
(534, '2024-06-11 22:07:07', '2024-06-11 22:07:07'),
(535, '2024-06-15 15:43:48', '2024-06-15 15:43:48'),
(536, '2024-06-23 16:12:35', '2024-06-23 16:12:35'),
(537, '2024-06-23 16:45:20', '2024-06-23 16:45:20'),
(538, '2024-06-23 17:32:56', '2024-06-23 17:32:56'),
(539, '2024-06-23 17:33:45', '2024-06-23 17:33:45'),
(540, '2024-06-23 17:38:28', '2024-06-23 17:38:28'),
(541, '2024-06-23 17:38:44', '2024-06-23 17:38:44'),
(542, '2024-06-23 17:49:44', '2024-06-23 17:49:45'),
(543, '2024-06-23 17:50:22', '2024-06-23 17:50:22'),
(544, '2024-06-24 21:04:01', '2024-06-24 21:04:01'),
(545, '2024-06-25 06:17:03', '2024-06-25 06:17:03'),
(546, '2024-06-25 06:18:27', '2024-06-25 06:18:27'),
(547, '2024-06-25 06:43:31', '2024-06-25 06:43:31'),
(548, '2024-06-25 08:26:01', '2024-06-25 08:26:01'),
(549, '2024-06-25 08:50:54', '2024-06-25 08:50:54'),
(550, '2024-06-25 13:49:11', '2024-06-25 13:49:11'),
(551, '2024-06-25 13:49:11', '2024-06-25 13:49:11'),
(552, '2024-06-25 14:41:53', '2024-06-25 14:41:53'),
(553, '2024-06-25 14:42:42', '2024-06-25 14:42:42'),
(554, '2024-06-25 14:42:58', '2024-06-25 14:42:58'),
(555, '2024-06-25 14:43:39', '2024-06-25 14:43:39'),
(556, '2024-06-25 14:44:34', '2024-06-25 14:44:34'),
(557, '2024-06-25 14:46:36', '2024-06-25 14:46:36'),
(558, '2024-06-25 14:49:08', '2024-06-25 14:49:08'),
(559, '2024-06-25 15:01:42', '2024-06-25 15:01:42'),
(560, '2024-06-25 15:03:17', '2024-06-25 15:03:17'),
(561, '2024-06-25 15:03:27', '2024-06-25 15:03:27'),
(562, '2024-06-25 15:03:50', '2024-06-25 15:03:50');

-- --------------------------------------------------------

--
-- Table structure for table `menu`
--

CREATE TABLE `menu` (
  `kode_menu` int NOT NULL,
  `nama_menu` varchar(255) NOT NULL,
  `url` varchar(255) DEFAULT NULL,
  `level` varchar(50) NOT NULL,
  `jenis` varchar(10) CHARACTER SET utf8mb4 COLLATE utf8mb4_0900_ai_ci DEFAULT NULL,
  `main_menu` int DEFAULT NULL,
  `is_active` tinyint(1) NOT NULL DEFAULT '1',
  `no_urut` int NOT NULL,
  `created_at` datetime NOT NULL DEFAULT CURRENT_TIMESTAMP,
  `updated_at` datetime NOT NULL DEFAULT CURRENT_TIMESTAMP
) ENGINE=InnoDB DEFAULT CHARSET=utf8mb4 COLLATE=utf8mb4_0900_ai_ci;

--
-- Dumping data for table `menu`
--

INSERT INTO `menu` (`kode_menu`, `nama_menu`, `url`, `level`, `jenis`, `main_menu`, `is_active`, `no_urut`, `created_at`, `updated_at`) VALUES
(13, 'Tentang Kami', 'tentang-kami', 'single_menu', NULL, NULL, 1, 1, '2024-06-11 20:46:40', '2024-06-11 20:46:40');

-- --------------------------------------------------------

--
-- Table structure for table `pelajaran`
--

CREATE TABLE `pelajaran` (
  `id` int NOT NULL,
  `nama` varchar(255) NOT NULL,
  `slug` varchar(255) DEFAULT NULL,
  `keterangan` text,
  `status` tinyint(1) NOT NULL,
  `created_at` datetime NOT NULL DEFAULT CURRENT_TIMESTAMP,
  `updated_at` datetime NOT NULL
) ENGINE=InnoDB DEFAULT CHARSET=utf8mb4 COLLATE=utf8mb4_0900_ai_ci;

--
-- Dumping data for table `pelajaran`
--

INSERT INTO `pelajaran` (`id`, `nama`, `slug`, `keterangan`, `status`, `created_at`, `updated_at`) VALUES
(1, 'Matematika', 'matematika', 'Pelajaran Matematika', 1, '2024-06-08 13:18:18', '2024-06-08 13:18:18'),
(3, 'Agama', 'agama', 'Pelajaran Agama', 1, '2024-06-08 13:18:57', '2024-06-08 13:18:57'),
(5, 'Juz \'Amma', 'juz-amma', 'Pembelajaran Juz \'Amma', 1, '2024-06-10 15:56:24', '2024-06-10 15:56:24');

-- --------------------------------------------------------

--
-- Table structure for table `pelajaran_kelas`
--

CREATE TABLE `pelajaran_kelas` (
  `id` int NOT NULL,
  `hari` int NOT NULL,
  `jam_pelajaran` varchar(50) NOT NULL,
  `id_kelas` int NOT NULL,
  `id_pelajaran` int NOT NULL,
  `guru` varchar(255) DEFAULT NULL,
  `created_at` datetime NOT NULL,
  `updated_at` datetime NOT NULL DEFAULT CURRENT_TIMESTAMP
) ENGINE=InnoDB DEFAULT CHARSET=utf8mb4 COLLATE=utf8mb4_0900_ai_ci;

--
-- Dumping data for table `pelajaran_kelas`
--

INSERT INTO `pelajaran_kelas` (`id`, `hari`, `jam_pelajaran`, `id_kelas`, `id_pelajaran`, `guru`, `created_at`, `updated_at`) VALUES
(6, 1, '08.20 - 08.55', 1, 3, '51', '2024-06-10 15:53:55', '2024-06-25 07:07:45'),
(8, 1, '10.00 - 10.35', 1, 1, '51', '2024-06-10 15:54:50', '2024-06-25 07:08:02'),
(12, 1, '07.45 - 08.20', 3, 1, NULL, '2024-06-11 15:00:04', '2024-06-11 15:00:04'),
(13, 1, '08.20 - 08.55', 3, 3, '51', '2024-06-24 23:18:13', '2024-06-24 23:18:13'),
(14, 2, '07.45 - 08.20', 3, 5, '52', '2024-06-24 23:18:40', '2024-06-24 23:18:40'),
(15, 2, '08.20 - 08.55', 3, 1, '51', '2024-06-25 07:09:01', '2024-06-25 07:09:01');

-- --------------------------------------------------------

--
-- Table structure for table `pengaturan`
--

CREATE TABLE `pengaturan` (
  `pengaturan_id` int NOT NULL,
  `pengaturan_sesi` varchar(50) NOT NULL,
  `pengaturan_nama` varchar(255) NOT NULL,
  `pengaturan_slug` varchar(100) NOT NULL,
  `pengaturan_logo` varchar(100) NOT NULL,
  `pengaturan_isi` text NOT NULL
) ENGINE=InnoDB DEFAULT CHARSET=utf8mb4 COLLATE=utf8mb4_0900_ai_ci;

--
-- Dumping data for table `pengaturan`
--

INSERT INTO `pengaturan` (`pengaturan_id`, `pengaturan_sesi`, `pengaturan_nama`, `pengaturan_slug`, `pengaturan_logo`, `pengaturan_isi`) VALUES
(1, 'title', 'Title', 'title', '', 'PNF - Pendidikan Non Formal FIP UNP'),
(2, 'visimisi', 'Title', 'title', '', 'Bintang Sekolah Al-Quran Siteba'),
(3, 'visimisi', 'Visi', 'visi', '', '“Menjadi sekolah Al-Quran Unggul dan bermanfaat serta Menghasilkan Lulusan Profesional yang Bertaqwa kepada Tuhan YME Tahun 2025.”'),
(4, 'visimisi', 'Misi', 'misi', '', 'Menyelenggarakan pendidikan dan pembelajaran dalam bidang Al-Quran untuk mengembangkan dan mengaplikasikannya secara profesional pada tingkat lokal dan global sejalan dengan perkembangan IPTEK, yang bertaqwa kepada Tuhan Yang Maha Esa.'),
(5, 'rincian', 'Total Guru', 'karya-ilmiah', '', '20'),
(6, 'rincian', 'Total Siswa', 'jumlah-dosen', '', '128'),
(7, 'rincian', 'Lulusan', 'mahasiswa-terdaftar', '', '8970'),
(8, 'rincian', 'Berprestasi', 'mahasiswa-berprestasi', '', '640'),
(9, 'ulasan_alumni', 'Ulasan Alumni', 'ulasan-alumni', '', 'Able an hope of body. Any nay shyness article matters own removal nothing his forming. Gay own additions education satisfied the perpetual. If he cause manor happy. Without farther she exposed saw man led. Along on happy could cease green oh.'),
(10, 'kerjasama', 'Kerjasama Program Studi', 'kerjasama-program-studi', '', 'Seeing rather her you not esteem men settle genius excuse. Deal say over you age from. Comparison new ham melancholy son themselves.'),
(13, 'prestasi', 'Prestasi Bintang Sekolah Al-Quran', 'prestasi-bintang-sekolah-al-quran', '', 'Semua prestasi dari siswa yang ada di Bintang Sekolah Al-Quran');

-- --------------------------------------------------------

--
-- Table structure for table `pengumuman`
--

CREATE TABLE `pengumuman` (
  `pengumuman_id` int NOT NULL,
  `pengumuman_judul` varchar(100) NOT NULL,
  `pengumuman_slug` varchar(200) NOT NULL,
  `pengumuman_isi` text NOT NULL,
  `pengumuman_penulis` int NOT NULL,
  `pengumuman_tampi` tinyint(1) NOT NULL,
  `pengumuman_tayang` int NOT NULL,
  `created_at` datetime NOT NULL,
  `updated_at` datetime NOT NULL
) ENGINE=InnoDB DEFAULT CHARSET=utf8mb4 COLLATE=utf8mb4_0900_ai_ci;

-- --------------------------------------------------------

--
-- Table structure for table `penyimpanan_gambar`
--

CREATE TABLE `penyimpanan_gambar` (
  `gambar_id` int NOT NULL,
  `gambar_nama` varchar(100) NOT NULL,
  `created_at` datetime NOT NULL,
  `updated_at` datetime NOT NULL,
  `deleted_at` datetime NOT NULL
) ENGINE=InnoDB DEFAULT CHARSET=utf8mb4 COLLATE=utf8mb4_0900_ai_ci;

--
-- Dumping data for table `penyimpanan_gambar`
--

INSERT INTO `penyimpanan_gambar` (`gambar_id`, `gambar_nama`, `created_at`, `updated_at`, `deleted_at`) VALUES
(2, 'berita_kip.jpeg', '2024-02-04 14:17:33', '2024-02-04 14:17:33', '0000-00-00 00:00:00'),
(3, 'sampul_berita_kemahasiswaan_satu.jpg', '2024-02-06 11:28:50', '2024-02-06 11:28:50', '0000-00-00 00:00:00'),
(4, 'Snapinsta.app_420094940_669901475074688_2665685484284432254_n_1080 (1).jpg', '2024-02-08 19:00:13', '2024-02-08 19:00:13', '0000-00-00 00:00:00'),
(5, 'alur_vdmi.jpg', '2024-02-09 09:23:06', '2024-02-09 09:23:06', '0000-00-00 00:00:00');

-- --------------------------------------------------------

--
-- Table structure for table `prestasi`
--

CREATE TABLE `prestasi` (
  `prestasi_id` int NOT NULL,
  `prestasi_judul` varchar(200) NOT NULL,
  `prestasi_slug` varchar(255) NOT NULL,
  `prestasi_sampul` varchar(255) DEFAULT NULL,
  `prestasi_deskripsi` text,
  `prestasi_penyelenggara` varchar(255) DEFAULT NULL,
  `prestasi_tahun` int NOT NULL,
  `prestasi_tanggal_mulai` date DEFAULT NULL,
  `prestasi_tanggal_selesai` date DEFAULT NULL,
  `prestasi_tingkat` tinyint NOT NULL,
  `prestasi_peringkat` varchar(100) CHARACTER SET utf8mb4 COLLATE utf8mb4_0900_ai_ci NOT NULL,
  `prestasi_nim` varchar(20) DEFAULT NULL,
  `prestasi_nama` varchar(100) DEFAULT NULL,
  `prestasi_sertifikat` varchar(255) NOT NULL,
  `prestasi_penulis` int NOT NULL,
  `created_at` datetime NOT NULL DEFAULT CURRENT_TIMESTAMP,
  `updated_at` datetime NOT NULL
) ENGINE=InnoDB DEFAULT CHARSET=utf8mb4 COLLATE=utf8mb4_0900_ai_ci;

--
-- Dumping data for table `prestasi`
--

INSERT INTO `prestasi` (`prestasi_id`, `prestasi_judul`, `prestasi_slug`, `prestasi_sampul`, `prestasi_deskripsi`, `prestasi_penyelenggara`, `prestasi_tahun`, `prestasi_tanggal_mulai`, `prestasi_tanggal_selesai`, `prestasi_tingkat`, `prestasi_peringkat`, `prestasi_nim`, `prestasi_nama`, `prestasi_sertifikat`, `prestasi_penulis`, `created_at`, `updated_at`) VALUES
(5, 'Panca Lomba FIP JIPs 2022', 'panca-lomba-fip-jips-2022', '1713629885_2f44e25e2e3ce02facbb.jpg', '<p>saya nurrahmi gussarsi dengan nim 22129337 pesan dan kesan saya dalam mengikuti perlombaan ini, dengan ikut lomba saya bisa pertemu dengan banyak orang baru dan tau dengan budaya lain , sehingga memacu saya untuk terus mengmbangkan diri saya semua yang saya lakukan di perlombaan fipjip 2023 adalah hal yang sangat berkesan sekali.</p>\r\n', 'Fakultas Ilmu Pendidikans', 2022, '2023-12-01', '2023-12-31', 3, 'Juara 2', '22123129', 'Nurrahmi Gussaris', '1713629885_0c1d295c669d2e42f83f.jpg', 1, '2024-04-20 23:13:22', '2024-04-20 23:18:05'),
(6, 'Panca Lomba FIP JIP 2023', 'panca-lomba-fip-jip-2023', '1713629968_ff7d8e10d1a8bba35508.png', '<p>saya nurrahmi gussarsi dengan nim 22129337 pesan dan kesan saya dalam mengikuti perlombaan ini, dengan ikut lomba saya bisa pertemu dengan banyak orang baru dan tau dengan budaya lain , sehingga memacu saya untuk terus mengmbangkan diri saya semua yang saya lakukan di perlombaan fipjip 2023 adalah hal yang sangat berkesan<br />\r\n&nbsp;</p>\r\n', 'Fakultas Ilmu Pendidikan', 2023, '2024-01-01', '2024-01-31', 2, '1', '22311230', 'Nurrahmi Gussari', '1713629968_60e62251a3e4f8ee2ff1.jpg', 1, '2024-04-20 23:19:28', '2024-04-20 23:19:28');

-- --------------------------------------------------------

--
-- Table structure for table `santri`
--

CREATE TABLE `santri` (
  `id` int NOT NULL,
  `nama` varchar(100) NOT NULL,
  `status` tinyint(1) NOT NULL DEFAULT '1'
) ENGINE=InnoDB DEFAULT CHARSET=utf8mb4 COLLATE=utf8mb4_0900_ai_ci;

-- --------------------------------------------------------

--
-- Table structure for table `siswa`
--

CREATE TABLE `siswa` (
  `id` int NOT NULL,
  `no_pendaftaran` varchar(255) NOT NULL,
  `username` varchar(100) NOT NULL,
  `foto` varchar(255) DEFAULT NULL,
  `nama` varchar(100) NOT NULL,
  `jk` varchar(3) CHARACTER SET utf8mb4 COLLATE utf8mb4_0900_ai_ci NOT NULL,
  `no_hp` varchar(15) DEFAULT NULL,
  `no_wa` varchar(15) DEFAULT NULL,
  `id_kamar` int DEFAULT NULL,
  `id_kelas` int DEFAULT NULL,
  `alamat` varchar(255) DEFAULT NULL,
  `kelurahan_desa` varchar(255) DEFAULT NULL,
  `kecamatan` varchar(255) DEFAULT NULL,
  `kabupaten_kota` varchar(255) DEFAULT NULL,
  `provinsi` varchar(100) DEFAULT NULL,
  `tanggal_pendaftaran` varchar(3) DEFAULT NULL,
  `bulan_pendaftaran` varchar(3) DEFAULT NULL,
  `tahun_pendaftaran` varchar(5) DEFAULT NULL,
  `status` int NOT NULL,
  `created_at` timestamp NOT NULL DEFAULT CURRENT_TIMESTAMP,
  `updated_at` timestamp NOT NULL DEFAULT CURRENT_TIMESTAMP
) ENGINE=InnoDB DEFAULT CHARSET=utf8mb4 COLLATE=utf8mb4_0900_ai_ci;

--
-- Dumping data for table `siswa`
--

INSERT INTO `siswa` (`id`, `no_pendaftaran`, `username`, `foto`, `nama`, `jk`, `no_hp`, `no_wa`, `id_kamar`, `id_kelas`, `alamat`, `kelurahan_desa`, `kecamatan`, `kabupaten_kota`, `provinsi`, `tanggal_pendaftaran`, `bulan_pendaftaran`, `tahun_pendaftaran`, `status`, `created_at`, `updated_at`) VALUES
(17, '15062024', 'rahmatzanova', NULL, 'Rahmat Zanova', 'l', '082232088983', '082232088983', 4, 3, 'Jalan Parak Kopi No 49 A', 'Parak Kopi', 'Alai Gadang', 'Padang', 'Sumatera Barat', '23', '06', '2024', 3, '2024-06-23 09:53:38', '2024-06-24 14:59:41');

-- --------------------------------------------------------

--
-- Table structure for table `subkategori`
--

CREATE TABLE `subkategori` (
  `subkategori_id` int NOT NULL,
  `kategori_id` int NOT NULL,
  `subkategori_nama` varchar(100) NOT NULL,
  `subkategori_slug` varchar(120) DEFAULT NULL,
  `created_at` datetime NOT NULL,
  `updated_at` datetime NOT NULL
) ENGINE=InnoDB DEFAULT CHARSET=utf8mb4 COLLATE=utf8mb4_0900_ai_ci;

--
-- Dumping data for table `subkategori`
--

INSERT INTO `subkategori` (`subkategori_id`, `kategori_id`, `subkategori_nama`, `subkategori_slug`, `created_at`, `updated_at`) VALUES
(1, 1, 'Beasiswa', 'beasiswa', '2024-02-09 04:30:59', '2024-02-09 04:30:59'),
(2, 1, 'Organisasi', 'organisasi', '2024-02-09 08:06:02', '2024-02-09 08:06:02'),
(3, 2, 'Prestasi', 'prestasi', '2024-02-09 12:25:36', '2024-02-09 12:25:36');

-- --------------------------------------------------------

--
-- Table structure for table `user`
--

CREATE TABLE `user` (
  `user_id` int NOT NULL,
  `nama_asli` varchar(255) CHARACTER SET utf8mb4 COLLATE utf8mb4_0900_ai_ci NOT NULL,
  `username` varchar(255) CHARACTER SET utf8mb4 COLLATE utf8mb4_0900_ai_ci NOT NULL,
  `password` varchar(255) NOT NULL,
  `user_foto` varchar(255) DEFAULT NULL,
  `useruuid` varchar(255) NOT NULL,
  `level` int NOT NULL,
  `is_aktif` int NOT NULL DEFAULT '1',
  `is_login` int NOT NULL DEFAULT '0',
  `terakhir_login` datetime DEFAULT NULL,
  `created_at` datetime DEFAULT NULL,
  `updated_at` datetime DEFAULT NULL
) ENGINE=InnoDB DEFAULT CHARSET=utf8mb4 COLLATE=utf8mb4_0900_ai_ci;

--
-- Dumping data for table `user`
--

INSERT INTO `user` (`user_id`, `nama_asli`, `username`, `password`, `user_foto`, `useruuid`, `level`, `is_aktif`, `is_login`, `terakhir_login`, `created_at`, `updated_at`) VALUES
(1, 'Akun Admin', 'admin', '$2y$10$.ESCY0gWV.rSKcJ9xLErye.nqXzuVlj.u4Y/Jpvietm9uFv.SjHOe', 'no-photo.jpg', '', 2, 1, 0, '2024-06-25 15:10:01', '2023-10-19 22:33:12', NULL),
(2, 'Akun Super Admin', 'superadmin', '$2y$10$44rT2KiimI28/uw3iOuQnu3lhgZv/aDYE8jlzv5iyV9dpLeQlbn5u', 'no-photo.jpg', '', 1, 1, 0, '2024-06-25 15:05:29', '2023-10-19 22:33:40', NULL),
(50, 'Rahmat Zanova', 'rahmatzanova', '$2y$10$F8/UKmjr0O.95/BGW9/dceaICAwywX3pU30LtIt0urxu6hWvEHbCa', 'no-photo.jpg', '', 4, 0, 0, '2024-06-25 15:10:30', NULL, NULL),
(51, 'Abdur Rohim', 'abdurrohim', '$2y$10$laH1g7bpE59Sw0S/s4UiIe65yYCgb1f2JEFqaRg/1r0NwdEmKXLrW', 'no-photo.jpg', '', 3, 1, 0, '2024-06-25 15:10:47', NULL, NULL),
(52, 'Salsabila', 'salsabila', '$2y$10$IZksLuOFy8viNY7a5ivi/u7qpTWDE4CYcE4vz3HomvXiLwJSkioee', 'no-photo.jpg', '', 3, 1, 0, '2024-06-25 11:13:06', NULL, NULL);

-- --------------------------------------------------------

--
-- Table structure for table `user_level`
--

CREATE TABLE `user_level` (
  `user_level_id` int NOT NULL,
  `user_level_nama` varchar(255) NOT NULL,
  `user_level_alias` varchar(255) CHARACTER SET utf8mb4 COLLATE utf8mb4_0900_ai_ci DEFAULT NULL,
  `user_level_keterangan` varchar(255) DEFAULT NULL,
  `user_level_status` varchar(3) NOT NULL,
  `is_deleted` int NOT NULL,
  `created_at` datetime NOT NULL,
  `updated_at` datetime NOT NULL,
  `deleted_at` datetime NOT NULL
) ENGINE=InnoDB DEFAULT CHARSET=utf8mb4 COLLATE=utf8mb4_0900_ai_ci;

--
-- Dumping data for table `user_level`
--

INSERT INTO `user_level` (`user_level_id`, `user_level_nama`, `user_level_alias`, `user_level_keterangan`, `user_level_status`, `is_deleted`, `created_at`, `updated_at`, `deleted_at`) VALUES
(1, 'Super Admin', 'super_admin', 'Level Admin paling tinggi dan bisa mengakses semua routes', '1', 0, '2023-10-19 15:27:32', '2023-12-08 14:55:05', '2023-10-19 15:27:32'),
(2, 'Admin', 'admin', 'Admin level 2 dibawah supper admin, route terbatas', '1', 0, '2023-10-19 15:28:05', '2023-10-19 15:28:05', '2023-10-19 15:28:05'),
(3, 'Guru', 'guru', 'level untuk diakses guru', '1', 0, '2024-06-23 09:56:01', '2024-06-23 09:56:01', '2024-06-23 09:56:01'),
(4, 'Santri', 'santri', 'level untuk di akses santri', '1', 0, '2024-06-23 09:56:37', '2024-06-23 09:56:37', '2024-06-23 09:56:37');

-- --------------------------------------------------------

--
-- Table structure for table `video_profil`
--

CREATE TABLE `video_profil` (
  `vp_id` int NOT NULL,
  `vp_judul` varchar(255) NOT NULL,
  `vp_deskripsi` text NOT NULL,
  `vp_youtube_link` varchar(255) NOT NULL,
  `vp_youtube_title` varchar(255) NOT NULL,
  `vp_is_active` tinyint(1) NOT NULL,
  `vp_penulis` int NOT NULL,
  `created_at` datetime NOT NULL,
  `updated_at` datetime NOT NULL
) ENGINE=InnoDB DEFAULT CHARSET=utf8mb4 COLLATE=utf8mb4_0900_ai_ci;

--
-- Dumping data for table `video_profil`
--

INSERT INTO `video_profil` (`vp_id`, `vp_judul`, `vp_deskripsi`, `vp_youtube_link`, `vp_youtube_title`, `vp_is_active`, `vp_penulis`, `created_at`, `updated_at`) VALUES
(1, 'Video Profil Bintang Sekolah Al-Qur’an Siteba', '<p>Di Asrama Bintang Sekolah Al-Qur&rsquo;an Siteba Kota Padang kita bisa &nbsp;mempelajari Al-Qur&rsquo;an&nbsp;khususnya membaca Al-Qur&rsquo;an&nbsp;untuk menghindari kesalahan dalam membaca ayat suci Al-Qur&rsquo;an. Pentingnya menjauhi kesalahan dalam membaca Al-Qur&rsquo;an&nbsp;dijelaskan dalam (Kurnaedi, 2018:65) merupakan aib yang harus dihindari, karena kemungkinan dapat merubah arti, sebagaimana&nbsp;imam as-Sakhawi mengatakan bahwa membaca Al-Qur&rsquo;an&nbsp;haruslah dengan tartil, jangan berlebihan, sempurnakan, dan jauhi kemungkaran dalam bacaan yang dilakukan oleh orang-orang yang berbuat kesalahan dalam membaca Al-Qur&rsquo;an. Kemudian dalam Risalah fi Lahnil Qurra&nbsp;dalam (Kurnaedi, 2018:74) kesalahan membaca Al-Qur&rsquo;an dapat diperbaiki dengan cara yaitu mengenal makharijul huruf&nbsp;dan sifatnya, mengenal kaidah-kaidah bahasa Arab, serta talaqqi&nbsp;(belajar langsung dari guru).</p>\r\n', 'https://www.youtube.com/embed/MBMRSQV3Clg?si=kUXDWm7zMmKnkKGk', 'Karimun Blind Van Tertampan', 1, 1, '2024-04-17 10:24:25', '2024-06-09 20:25:18');

--
-- Indexes for dumped tables
--

--
-- Indexes for table `agenda`
--
ALTER TABLE `agenda`
  ADD PRIMARY KEY (`agenda_id`);

--
-- Indexes for table `berita`
--
ALTER TABLE `berita`
  ADD PRIMARY KEY (`berita_id`),
  ADD KEY `berita_user` (`berita_penulis`),
  ADD KEY `berita_kategori` (`berita_kategori`);

--
-- Indexes for table `download`
--
ALTER TABLE `download`
  ADD PRIMARY KEY (`download_id`);

--
-- Indexes for table `guru`
--
ALTER TABLE `guru`
  ADD PRIMARY KEY (`id`);

--
-- Indexes for table `halaman`
--
ALTER TABLE `halaman`
  ADD PRIMARY KEY (`halaman_id`),
  ADD KEY `halaman_menu` (`menu_id`);

--
-- Indexes for table `hari`
--
ALTER TABLE `hari`
  ADD PRIMARY KEY (`id`);

--
-- Indexes for table `histori_kamar_siswa`
--
ALTER TABLE `histori_kamar_siswa`
  ADD PRIMARY KEY (`id`);

--
-- Indexes for table `histori_kelas_siswa`
--
ALTER TABLE `histori_kelas_siswa`
  ADD PRIMARY KEY (`id`),
  ADD KEY `histori_kelas` (`id_kelas`),
  ADD KEY `histori_siswa` (`id_siswa`);

--
-- Indexes for table `jadwal_belajar`
--
ALTER TABLE `jadwal_belajar`
  ADD PRIMARY KEY (`id_jadwal_belajar`);

--
-- Indexes for table `kamar`
--
ALTER TABLE `kamar`
  ADD PRIMARY KEY (`id`);

--
-- Indexes for table `kategori`
--
ALTER TABLE `kategori`
  ADD PRIMARY KEY (`kategori_id`);

--
-- Indexes for table `kelas`
--
ALTER TABLE `kelas`
  ADD PRIMARY KEY (`id`);

--
-- Indexes for table `kunjungan`
--
ALTER TABLE `kunjungan`
  ADD PRIMARY KEY (`kunjungan_id`);

--
-- Indexes for table `menu`
--
ALTER TABLE `menu`
  ADD PRIMARY KEY (`kode_menu`);

--
-- Indexes for table `pelajaran`
--
ALTER TABLE `pelajaran`
  ADD PRIMARY KEY (`id`);

--
-- Indexes for table `pelajaran_kelas`
--
ALTER TABLE `pelajaran_kelas`
  ADD PRIMARY KEY (`id`),
  ADD KEY `pelajaran_kelas_kelas` (`id_kelas`),
  ADD KEY `pelajaran_kelas_pelajaran` (`id_pelajaran`);

--
-- Indexes for table `pengaturan`
--
ALTER TABLE `pengaturan`
  ADD PRIMARY KEY (`pengaturan_id`);

--
-- Indexes for table `pengumuman`
--
ALTER TABLE `pengumuman`
  ADD PRIMARY KEY (`pengumuman_id`);

--
-- Indexes for table `penyimpanan_gambar`
--
ALTER TABLE `penyimpanan_gambar`
  ADD PRIMARY KEY (`gambar_id`);

--
-- Indexes for table `prestasi`
--
ALTER TABLE `prestasi`
  ADD PRIMARY KEY (`prestasi_id`);

--
-- Indexes for table `santri`
--
ALTER TABLE `santri`
  ADD PRIMARY KEY (`id`);

--
-- Indexes for table `siswa`
--
ALTER TABLE `siswa`
  ADD PRIMARY KEY (`id`),
  ADD KEY `siswa_kamar` (`id_kamar`),
  ADD KEY `siswa_kelas` (`id_kelas`);

--
-- Indexes for table `subkategori`
--
ALTER TABLE `subkategori`
  ADD PRIMARY KEY (`subkategori_id`);

--
-- Indexes for table `user`
--
ALTER TABLE `user`
  ADD PRIMARY KEY (`user_id`);

--
-- Indexes for table `user_level`
--
ALTER TABLE `user_level`
  ADD PRIMARY KEY (`user_level_id`);

--
-- Indexes for table `video_profil`
--
ALTER TABLE `video_profil`
  ADD PRIMARY KEY (`vp_id`),
  ADD KEY `vp_user` (`vp_penulis`);

--
-- AUTO_INCREMENT for dumped tables
--

--
-- AUTO_INCREMENT for table `agenda`
--
ALTER TABLE `agenda`
  MODIFY `agenda_id` int NOT NULL AUTO_INCREMENT, AUTO_INCREMENT=6;

--
-- AUTO_INCREMENT for table `berita`
--
ALTER TABLE `berita`
  MODIFY `berita_id` int NOT NULL AUTO_INCREMENT, AUTO_INCREMENT=25;

--
-- AUTO_INCREMENT for table `download`
--
ALTER TABLE `download`
  MODIFY `download_id` int NOT NULL AUTO_INCREMENT, AUTO_INCREMENT=3;

--
-- AUTO_INCREMENT for table `guru`
--
ALTER TABLE `guru`
  MODIFY `id` int NOT NULL AUTO_INCREMENT;

--
-- AUTO_INCREMENT for table `halaman`
--
ALTER TABLE `halaman`
  MODIFY `halaman_id` int NOT NULL AUTO_INCREMENT, AUTO_INCREMENT=6;

--
-- AUTO_INCREMENT for table `hari`
--
ALTER TABLE `hari`
  MODIFY `id` int NOT NULL AUTO_INCREMENT, AUTO_INCREMENT=8;

--
-- AUTO_INCREMENT for table `histori_kamar_siswa`
--
ALTER TABLE `histori_kamar_siswa`
  MODIFY `id` int NOT NULL AUTO_INCREMENT, AUTO_INCREMENT=23;

--
-- AUTO_INCREMENT for table `histori_kelas_siswa`
--
ALTER TABLE `histori_kelas_siswa`
  MODIFY `id` int NOT NULL AUTO_INCREMENT, AUTO_INCREMENT=15;

--
-- AUTO_INCREMENT for table `jadwal_belajar`
--
ALTER TABLE `jadwal_belajar`
  MODIFY `id_jadwal_belajar` int NOT NULL AUTO_INCREMENT, AUTO_INCREMENT=3;

--
-- AUTO_INCREMENT for table `kamar`
--
ALTER TABLE `kamar`
  MODIFY `id` int NOT NULL AUTO_INCREMENT, AUTO_INCREMENT=8;

--
-- AUTO_INCREMENT for table `kategori`
--
ALTER TABLE `kategori`
  MODIFY `kategori_id` int NOT NULL AUTO_INCREMENT, AUTO_INCREMENT=4;

--
-- AUTO_INCREMENT for table `kelas`
--
ALTER TABLE `kelas`
  MODIFY `id` int NOT NULL AUTO_INCREMENT, AUTO_INCREMENT=5;

--
-- AUTO_INCREMENT for table `kunjungan`
--
ALTER TABLE `kunjungan`
  MODIFY `kunjungan_id` int NOT NULL AUTO_INCREMENT, AUTO_INCREMENT=563;

--
-- AUTO_INCREMENT for table `menu`
--
ALTER TABLE `menu`
  MODIFY `kode_menu` int NOT NULL AUTO_INCREMENT, AUTO_INCREMENT=14;

--
-- AUTO_INCREMENT for table `pelajaran`
--
ALTER TABLE `pelajaran`
  MODIFY `id` int NOT NULL AUTO_INCREMENT, AUTO_INCREMENT=6;

--
-- AUTO_INCREMENT for table `pelajaran_kelas`
--
ALTER TABLE `pelajaran_kelas`
  MODIFY `id` int NOT NULL AUTO_INCREMENT, AUTO_INCREMENT=16;

--
-- AUTO_INCREMENT for table `pengaturan`
--
ALTER TABLE `pengaturan`
  MODIFY `pengaturan_id` int NOT NULL AUTO_INCREMENT, AUTO_INCREMENT=14;

--
-- AUTO_INCREMENT for table `pengumuman`
--
ALTER TABLE `pengumuman`
  MODIFY `pengumuman_id` int NOT NULL AUTO_INCREMENT;

--
-- AUTO_INCREMENT for table `penyimpanan_gambar`
--
ALTER TABLE `penyimpanan_gambar`
  MODIFY `gambar_id` int NOT NULL AUTO_INCREMENT, AUTO_INCREMENT=6;

--
-- AUTO_INCREMENT for table `prestasi`
--
ALTER TABLE `prestasi`
  MODIFY `prestasi_id` int NOT NULL AUTO_INCREMENT, AUTO_INCREMENT=7;

--
-- AUTO_INCREMENT for table `santri`
--
ALTER TABLE `santri`
  MODIFY `id` int NOT NULL AUTO_INCREMENT;

--
-- AUTO_INCREMENT for table `siswa`
--
ALTER TABLE `siswa`
  MODIFY `id` int NOT NULL AUTO_INCREMENT, AUTO_INCREMENT=18;

--
-- AUTO_INCREMENT for table `subkategori`
--
ALTER TABLE `subkategori`
  MODIFY `subkategori_id` int NOT NULL AUTO_INCREMENT, AUTO_INCREMENT=5;

--
-- AUTO_INCREMENT for table `user`
--
ALTER TABLE `user`
  MODIFY `user_id` int NOT NULL AUTO_INCREMENT, AUTO_INCREMENT=53;

--
-- AUTO_INCREMENT for table `user_level`
--
ALTER TABLE `user_level`
  MODIFY `user_level_id` int NOT NULL AUTO_INCREMENT, AUTO_INCREMENT=12;

--
-- AUTO_INCREMENT for table `video_profil`
--
ALTER TABLE `video_profil`
  MODIFY `vp_id` int NOT NULL AUTO_INCREMENT, AUTO_INCREMENT=3;

--
-- Constraints for dumped tables
--

--
-- Constraints for table `berita`
--
ALTER TABLE `berita`
  ADD CONSTRAINT `berita_kategori` FOREIGN KEY (`berita_kategori`) REFERENCES `kategori` (`kategori_id`) ON DELETE RESTRICT ON UPDATE RESTRICT,
  ADD CONSTRAINT `berita_user` FOREIGN KEY (`berita_penulis`) REFERENCES `user` (`user_id`) ON DELETE RESTRICT ON UPDATE RESTRICT;

--
-- Constraints for table `halaman`
--
ALTER TABLE `halaman`
  ADD CONSTRAINT `halaman_menu` FOREIGN KEY (`menu_id`) REFERENCES `menu` (`kode_menu`) ON DELETE RESTRICT ON UPDATE RESTRICT;

--
-- Constraints for table `histori_kelas_siswa`
--
ALTER TABLE `histori_kelas_siswa`
  ADD CONSTRAINT `histori_kelas` FOREIGN KEY (`id_kelas`) REFERENCES `kelas` (`id`) ON DELETE RESTRICT ON UPDATE RESTRICT,
  ADD CONSTRAINT `histori_siswa` FOREIGN KEY (`id_siswa`) REFERENCES `siswa` (`id`) ON DELETE RESTRICT ON UPDATE RESTRICT;

--
-- Constraints for table `pelajaran_kelas`
--
ALTER TABLE `pelajaran_kelas`
  ADD CONSTRAINT `pelajaran_kelas_kelas` FOREIGN KEY (`id_kelas`) REFERENCES `kelas` (`id`) ON DELETE RESTRICT ON UPDATE RESTRICT,
  ADD CONSTRAINT `pelajaran_kelas_pelajaran` FOREIGN KEY (`id_pelajaran`) REFERENCES `pelajaran` (`id`) ON DELETE RESTRICT ON UPDATE RESTRICT;

--
-- Constraints for table `siswa`
--
ALTER TABLE `siswa`
  ADD CONSTRAINT `siswa_kamar` FOREIGN KEY (`id_kamar`) REFERENCES `kamar` (`id`) ON DELETE RESTRICT ON UPDATE RESTRICT,
  ADD CONSTRAINT `siswa_kelas` FOREIGN KEY (`id_kelas`) REFERENCES `kelas` (`id`) ON DELETE RESTRICT ON UPDATE RESTRICT;

--
-- Constraints for table `video_profil`
--
ALTER TABLE `video_profil`
  ADD CONSTRAINT `vp_user` FOREIGN KEY (`vp_penulis`) REFERENCES `user` (`user_id`) ON DELETE RESTRICT ON UPDATE RESTRICT;
COMMIT;

/*!40101 SET CHARACTER_SET_CLIENT=@OLD_CHARACTER_SET_CLIENT */;
/*!40101 SET CHARACTER_SET_RESULTS=@OLD_CHARACTER_SET_RESULTS */;
/*!40101 SET COLLATION_CONNECTION=@OLD_COLLATION_CONNECTION */;
